N'Lewiston,N'Society Theater,0
N'Pocatello,N'Depth Theater,0
N'Pike Creek,N'Engineering Theater,0
N'Flint,N'Population Theater,0
N'Detroit,N'Category Theater,0
N'Baton Rouge,N'Nation Theater,0
N'Wichita,N'Pie Theater,0
N'Kailua,N'Heart Theater,0
N'Los Angeles,N'Television Theater,0
N'Augusta,N'Anxiety Theater,0
N'Akron,N'Refrigerator Theater,0
N'Rutland,N'Difference Theater,0
N'Richmond,N'Tale Theater,0
N'Rutland,N'Boyfriend Theater,0
N'Dover,N'Reality Theater,0
N'Hattiesburg,N'Assumption Theater,0
N'North Las Vegas,N'Temperature Theater,0
N'Billings,N'Situation Theater,0
N'Birmingham,N'Perspective Theater,0
N'Miami,N'Son Theater,0
N'Newark,N'Description Theater,0
N'Bridgeport,N'Hair Theater,0
N'Portland,N'Blood Theater,0
N'Biloxi,N'Skill Theater,0
N'Dover,N'Power Theater,0
N'San Diego,N'Teaching Theater,0
N'Chesapeake,N'Protection Theater,0
N'Hilo,N'Operation Theater,0
N'Springfield,N'Engine Theater,0
N'Waterbury,N'Medicine Theater,0
N'Jonesboro,N'Effort Theater,0
N'Indianapolis,N'Method Theater,0
N'Kaneohe,N'Application Theater,0
N'Cedar Rapids,N'Inflation Theater,0
N'Annapolis,N'Poem Theater,0
N'Missoula,N'Failure Theater,0
N'Dover,N'Administration Theater,0
N'St. Petersburg,N'Studio Theater,0
N'Virginia Beach,N'Advertising Theater,0
N'Athens,N'Policy Theater,0
N'Worcester,N'Basis Theater,0
N'Oklahoma City,N'Resource Theater,0
N'Jacksonville,N'Selection Theater,0
N'Bellevue,N'Driver Theater,0
N'Lowell,N'Cookie Theater,0
N'Newark,N'Analyst Theater,0
N'Grand Island,N'World Theater,0
N'Gulfport,N'Sympathy Theater,0
N'Minneapolis,N'Obligation Theater,0
N'San Diego,N'Impression Theater,0
N'Montpelier,N'Battery Theater,0
N'Columbia,N'Glove Theater,0
N'Idaho Falls,N'Hit Theater,0
N'Green Bay,N'Carpet Theater,0
N'Houston,N'Matter Theater,0
N'Bellevue,N'Horseshoe Theater,0
N'Duluth,N'Budget Theater,0
N'Lincoln,N'Nose Theater,0
N'Iowa City,N'Rabbit Theater,0
N'Duluth,N'Adopt Theater,0
N'Metairie,N'Affinity Theater,0
N'Essex,N'Band Theater,0
N'Worcester,N'Additional Theater,0
N'Kansas City,N'Nest Theater,0
N'Cincinnati,N'Collect Theater,0
N'Juneau,N'Volume Theater,0
N'Auburn,N'Contain Theater,0
N'Laramie,N'Mastermind Theater,0
N'Cleveland,N'Directory Theater,0
N'Rockville,N'Apathy Theater,0
N'New Haven,N'Fit Theater,0
N'Carson City,N'Invite Theater,0
N'Toledo,N'Policeman Theater,0
N'Hilo,N'Functional Theater,0
N'Wyoming,N'Stab Theater,0
N'Nampa,N'Charge Theater,0
N'Fort Collins,N'Oh Theater,0
N'Casper,N'Carbon Theater,0
N'Huntsville,N'Line Theater,0
N'Paradise,N'Vat Theater,0
N'Fayetteville,N'Heir Theater,0
N'Frankfort,N'Cottage Theater,0
N'Cheyenne,N'Hesitate Theater,0
N'Duluth,N'Court Theater,0
N'Georgia,N'Convert Theater,0
N'Rutland,N'Steel Theater,0
N'Joliet,N'Mess Theater,0
N'Kapolei,N'Portrait Theater,0
N'Missoula,N'Harvest Theater,0
N'Georgia,N'Choose Theater,0
N'Tampa,N'Diplomat Theater,0
N'Helena,N'Allowance Theater,0
N'Colorado Springs,N'History Theater,0
N'Gillette,N'Charm Theater,0
N'Gary,N'Critic Theater,0
N'Kansas City,N'Management Theater,0
N'Grand Rapids,N'Sphere Theater,0
N'Idaho Falls,N'Broadcast Theater,0
N'Lewiston,N'Demonstrate Theater,0
N'Aurora,N'Of Theater,0